tweet_id,favourit_count,retweet_count
892420643555336193,37419,8124
892177421306343426,32149,6017
891815181378084864,24236,3983
891689557279858688,40722,8288
891327558926688256,38952,8976
891087950875897856,19566,2981
890971913173991426,11429,1976
890729181411237888,63073,18072
890609185150312448,26920,4088
890240255349198849,30857,7056
890006608113172480,29673,7015
889880896479866881,26917,4771
889665388333682689,46490,9600
889638837579907072,26190,4337
889531135344209921,14621,2160
889278841981685760,24412,5152
888917238123831296,28152,4322
888804989199671297,24723,4095
888554962724278272,19161,3381
888078434458587136,21034,3334
887705289381826560,29194,5155
887517139158093824,44792,11214
887473957103951883,66604,17377
887343217045368832,32552,9986
887101392804085760,29565,5709
886983233522544640,33937,7412
886736880519319552,11621,3124
886680336477933568,21693,4276
886366144734445568,20468,3061
886267009285017600,116,4
886258384151887873,27045,6043
886054160059072513,0,105
885984800019947520,31529,6492
885528943205470208,34790,6154
885518971528720385,19772,3586
885311592912609280,0,17758
885167619883638784,21196,4196
884925521741709313,74784,17462
884876753390489601,26976,5379
884562892145688576,23499,4495
884441805382717440,26137,5441
884247878851493888,70500,19676
884162670584377345,19697,2861
883838122936631299,21152,3299
883482846933004288,44406,9497
883360690899218434,21945,3557
883117836046086144,35924,6382
882992080364220416,23143,3762
882762694511734784,27354,4702
882627270321602560,27019,5838
882268110199369728,43424,11125
882045870035918850,28357,4738
881906580714921986,23513,3267
881666595344535552,48966,10249
881633300179243008,123,7
881536004380872706,47808,15322
881268444196462592,22409,4997
880935762899988482,16487,2675
880872448815771648,20584,3673
880465832366813184,27580,6011
880221127280381952,26129,4050
880095782870896641,26733,4164
879862464715927552,21612,3354
879674319642796034,301,10
879492040517615616,22700,3059
879415818425184262,102440,42576
879376492567855104,16269,2989
879130579576475649,0,6538
879050749262655488,21806,4518
879008229531029506,18361,2588
878776093423087618,18779,3968
878604707211726852,29234,6915
878404777348136964,0,1238
878316110768087041,0,6395
878281511006478336,7485,1238
878057613040115712,40731,6538
877736472329191424,77105,18340
877611172832227328,0,77
877556246731214848,21998,3661
877316821321428993,26531,4998
877201837425926144,26269,5382
876838120628539392,20049,3211
876537666061221889,22830,4474
876484053909872640,18188,2303
876120275196170240,27069,4497
875747767867523072,24401,4138
875144289856114688,21263,4751
875097192612077568,26576,5845
875021211251597312,24704,4554
874680097055178752,26995,4483
874434818259525634,0,14160
874296783580663808,25272,3974
874057562936811520,22032,3818
874012996292530176,33504,10032
873580283840344065,23503,3801
873337748698140672,0,1535
873213775632977920,7002,1535
872967104147763200,26512,5245
872820683541237760,14293,3590
872620804844003328,20181,3565
872486979161796608,39580,8734
872122724285648897,33449,7888
871879754684805121,36796,10799
871762521631449091,19726,3379
871515927908634625,19642,3350
871166179821445120,0,5526
871102520638267392,20387,5366
871032628920680449,22122,3712
870804317367881728,32773,6028
870726314365509632,118,3
870656317836468226,12088,2581
870374049280663552,80752,25585
870308999962521604,21342,4049
870063196459192321,35766,8132
869772420881756160,41481,9791
869702957897576449,27607,6186
869596645499047938,15619,3064
869227993411051520,19982,3697
868880397819494401,64084,14138
868639477480148993,0,2043
868622495443632128,26172,5178
868552278524837888,9900,2043
867900495410671616,23712,4098
867774946302451713,33275,7207
867421006826221569,15798,2449
867072653475098625,0,119
867051520902168576,31615,7725
866720684873056260,19678,4726
866686824827068416,18928,3411
866450705531457537,120044,34706
866334964761202691,51575,14160
866094527597207552,0,8234
865718153858494464,25188,5531
865359393868664832,26024,4924
865006731092295680,27529,7564
864873206498414592,31753,8592
864279568663928832,14370,2987
864197398364647424,29624,8811
863907417377173506,20310,4072
863553081350529029,15082,4130
863471782782697472,0,2409
863432100342583297,23474,5169
863427515083354112,2211,96
863079547188785154,8651,1091
863062471531167744,8379,2409
862831371563274240,18930,5065
862722525377298433,16846,3487
862457590147678208,20241,4909
862096992088072192,73535,23008
861383897657036800,35693,10614
861288531465048066,16992,4126
861005113778896900,16531,3772
860981674716409858,0,2138
860924035999428608,0,810
860563773140209665,7437,2138
860524505164394496,23376,5254
860276583193509888,18145,3461
860184849394610176,16512,5829
860177593139703809,0,30747
859924526012018688,19394,4063
859851578198683649,15279,3498
859607811541651456,18432,1563
859196978902773760,89132,30139
859074603037188101,33612,13598
858860390427611136,0,8126
858843525470990336,15448,3486
858471635011153920,21372,4835
858107933456039936,15633,2905
857989990357356544,16040,2589
857746408056729600,34094,10663
857393404942143489,5873,1648
857263160327368704,19937,4530
857214891891077121,227,17
857062103051644929,0,170
857029823797047296,18877,4029
856543823941562368,16236,2901
856526610513747968,11822,1894
856330835276025856,0,679
856288084350160898,517,17
856282028240666624,27687,6370
855862651834028034,345,26
855860136149123072,4993,1033
855857698524602368,11859,2131
855851453814013952,45562,17954
855818117272018944,26645,5489
855459453768019968,29933,8301
855245323840757760,0,6037
855138241867124737,0,46
854732716440526848,22910,6184
854482394044301312,29396,6970
854365224396361728,18970,4751
854120357044912130,32154,7594
854010172552949760,16276,3199
853760880890318849,28773,5865
853639147608842240,35051,10316
853299958564483072,15626,3620
852936405516943360,0,2054
852912242202992640,9145,1873
852672615818899456,15064,2197
852553447878664193,16503,3587
852311364735569921,33469,10109
852226086759018497,20212,6951
852189679701164033,11590,1621
851861385021730816,0,22
851591660324737024,16421,3557
851464819735769094,24568,7255
851224888060895234,20938,5862
850753642995093505,31343,9482
850380195714523136,13261,2684
850333567704068097,3496,347
850145622816686080,16571,3922
850019790995546112,20742,5016
849776966551130114,30958,7815
849668094696017920,0,5090
849412302885593088,16134,3236
849336543269576704,11589,1954
849051919805034497,43130,8756
848690551926992896,25629,4446
848324959059550208,25202,4735
848213670039564288,8333,767
848212111729840128,16640,3155
847978865427394560,0,3356
847971574464610304,0,442
847962785489326080,23965,5255
847842811428974592,5559,1371
847617282490613760,7124,434
847606175596138505,19146,3516
847251039262605312,20875,4427
847157206088847362,20337,6044
847116187444137987,21860,3291
846874817362120707,20491,4053
846514051647705089,45574,12001
846505985330044928,14411,3177
846153765933735936,32356,9393
846139713627017216,31593,10282
846042936437604353,16345,2983
845812042753855489,29940,9051
845677943972139009,25733,4943
845397057150107648,7817,1867
845306882940190720,23884,5589
845098359547420673,0,7934
844979544864018432,13939,2661
844973813909606400,15466,3330
844580511645339650,16882,3254
844223788422217728,13963,2288
843981021012017153,15521,3049
843856843873095681,21973,4805
843604394117681152,17303,2866
843235543001513987,22069,6282
842846295480000512,15631,3765
842765311967449089,6925,1333
842535590457499648,18574,3642
842163532590374912,25124,6037
842115215311396866,14363,3169
841833993020538882,0,15929
841680585030541313,26355,8091
841439858740625411,12985,3838
841320156043304961,20332,5695
841314665196081154,16264,4881
841077006473256960,23502,5526
840761248237133825,0,1834
840728873075638272,0,16854
840698636975636481,181,2
840696689258311684,12636,1025
840632337062862849,9236,1834
840370681858686976,16936,4748
840268004936019968,19822,5984
839990271299457024,13809,2398
839549326359670784,28281,8126
839290600511926273,0,148
839239871831150596,28005,6838
838952994649550848,20211,4165
838921590096166913,11502,2164
838916489579200512,0,36
838831947270979586,0,11561
838561493054533637,11260,1385
838476387338051585,23251,5035
838201503651401729,0,10540
838150277551247360,1730,348
838085839343206401,145,1
838083903487373313,18153,3310
837820167694528512,35233,8234
837482249356513284,3956,461
837471256429613056,13192,2383
837110210464448512,16552,2498
836989968035819520,13113,2410
836753516572119041,19897,4852
836677758902222849,13011,2330
836648853927522308,0,574
836397794269200385,0,29084
836380477523124226,15233,3120
836260088725786625,21970,4495
836001077879255040,19717,4493
835685285446955009,0,8544
835574547218894849,18382,3802
835536468978302976,0,1794
835309094223372289,0,22092
835297930240217089,16979,3156
835264098648616962,7979,1794
835246439529840640,2165,74
835172783151792128,27012,6035
835152434251116546,23207,3181
834931633769889797,11183,1733
834786237630337024,21951,5790
834574053763584002,14137,2667
834477809192075265,0,11242
834458053273591808,9945,1771
834209720923721728,21308,5019
834167344700198914,16323,3836
834089966724603904,10392,2243
834086379323871233,13508,2326
833863086058651648,13879,2522
833826103416520705,18639,3939
833732339549220864,0,227
833722901757046785,21470,3387
833479644947025920,15360,2159
833124694597443584,20913,5090
832998151111966721,13761,2329
832769181346996225,0,39
832757312314028032,17409,3813
832682457690300417,12307,3084
832645525019123713,3029,549
832636094638288896,16414,2931
832397543355072512,12357,2339
832369877331693569,17786,3356
832273440279240704,11718,2460
832215909146226688,0,6534
832215726631055365,0,9874
832088576586297345,67,2
832040443403784192,0,10213
832032802820481025,18495,4909
831939777352105988,24849,6464
831926988323639298,352,35
831911600680497154,28663,6881
831670449226514432,10825,1912
831650051525054464,7440,2054
831552930092285952,9311,2421
831322785565769729,9575,1621
831315979191906304,6769,1181
831309418084069378,12176,2584
831262627380748289,12353,2157
830956169170665475,8268,1576
830583320585068544,69385,17758
830173239259324417,0,6015
830097400375152640,10189,3160
829878982036299777,0,5324
829861396166877184,12693,2073
829501995190984704,32965,11242
829449946868879360,10869,2141
829141528400556032,25369,7819
829011960981237760,55083,17181
828801551087042563,0,3590
828770345708580865,26546,6204
828708714936930305,37996,11888
828650029636317184,9881,1424
828409743546925057,6571,1219
828408677031882754,7974,1368
828381636999917570,13122,2355
828376505180889089,7674,1133
828372645993398273,13051,3130
828361771580813312,2287,179
828046555563323392,12221,3030
828011680017821696,10763,2275
827933404142436356,20913,5537
827653905312006145,16079,3185
827600520311402496,7697,1005
827324948884643840,16476,3245
827199976799354881,10994,2374
826958653328592898,22438,5324
826848821049180160,37905,10843
826615380357632002,0,4186
826598799820865537,5307,266
826598365270007810,10464,2489
826476773533745153,19180,4461
826240494070030336,13811,2749
826204788643753985,5073,982
826115272272650244,16308,3328
825876512159186944,10887,1991
825829644528148480,13265,2643
825535076884762624,54339,18282
825147591692263424,19074,4840
825120256414846976,0,1360
825026590719483904,6601,1360
824796380199809024,0,5839
824775126675836928,15578,3742
824663926340194305,10508,1846
824325613288833024,12305,11079
824297048279236611,15709,4104
824025158776213504,4987,626
823939628516474880,11091,2889
823719002937630720,0,11921
823699002998870016,14513,2670
823581115634085888,13588,2815
823333489516937216,730,26
823322678127919110,16422,4275
823269594223824897,0,10480
822975315408461824,18035,3668
822872901745569793,137778,46589
822859134160621569,13819,2435
822647212903690241,0,6826
822610361945911296,15433,3154
822489057087389700,18959,6826
822462944365645825,29592,15543
822244816520155136,36549,10480
822163064745328640,0,5112
821886076407029760,11836,2487
821813639212650496,0,3564
821765923262631936,8785,1764
821522889702862852,8384,1892
821421320206483457,0,5969
821407182352777218,12308,4631
821153421864615936,265,10
821149554670182400,9093,2145
821107785811234820,10025,2266
821044531881721856,13225,2442
820837357901512704,0,7155
820749716845686786,32947,10540
820690176645140481,12755,3440
820494788566847489,0,604
820446719150292993,0,2758
820314633777061888,3490,604
820078625395449857,20706,6699
820013781606658049,0,1266
819952236453363712,5569,1266
819924195358416896,13473,5171
819711362133872643,14058,3343
819588359383371776,10034,2104
819347104292290561,7547,1283
819238181065359361,2390,429
819227688460238848,24147,7155
819015337530290176,0,39320
819015331746349057,0,20248
819006400881917954,47328,20248
819004803107983360,90816,39320
818646164899774465,0,22324
818627210458333184,23390,8020
818614493328580609,10313,2755
818588835076603904,0,6567
818536468981415936,11414,2640
818307523543449600,0,8688
818259473185828864,11538,2440
818145370475810820,12842,2769
817908911860748288,5079,845
817827839487737858,54239,29084
817777686764523521,11225,2863
817536400337801217,12354,3249
817502432452313088,0,3625
817423860136083457,35690,15929
817415592588222464,5873,1030
817181837579653120,0,9076
817171292965273600,9151,2154
817120970343411712,12777,2796
817056546584727552,8993,1760
816829038950027264,0,5028
816816676327063552,10509,2174
816697700272001025,10266,2351
816450570814898180,32011,8688
816336735214911488,9021,2085
816091915477250048,9376,2310
816062466425819140,0,1112
816014286006976512,0,5669
815990720817401858,5224,1112
815966073409433600,23501,9076
815745968457060357,0,4421
815736392542261248,10318,2430
815639385530101762,8624,1756
815390420867969024,10867,4076
814986499976527872,8022,1377
814638523311648768,11815,2904
814578408554463233,0,6211
814530161257443328,9070,1985
814153002265309185,30222,9283
813944609378369540,0,3416
813910438903693312,9764,2001
813812741911748608,38216,14973
813800681631023104,8770,1883
813217897535406080,19593,7841
813202720496779264,9659,1931
813187593374461952,20857,4675
813172488309972993,9778,2053
813157409116065792,8148,2379
813142292504645637,8871,2526
813130366689148928,4696,477
813127251579564032,12443,3358
813112105746448384,10833,2953
813096984823349248,11061,3859
813081950185472002,10377,2965
813066809284972545,8371,2087
813051746834595840,22014,7860
812781120811126785,7975,2050
812709060537683968,6957,1531
812503143955202048,6387,1309
812466873996607488,8394,2069
812372279581671427,14385,3941
811985624773361665,7631,1510
811744202451197953,7932,1713
811647686436880384,5878,798
811627233043480576,13436,3335
811386762094317568,21970,6840
810984652412424192,5610,1544
810896069567610880,9508,1912
810657578271330305,11531,2841
810284430598270976,37181,12206
810254108431155201,15441,3590
809920764300447744,16285,4186
809808892968534016,0,5248
809448704142938112,7295,1574
809220051211603969,20964,6015
809084759137812480,13909,3777
808838249661788160,10632,3273
808733504066486276,8317,2323
808501579447930884,11874,2787
808344865868283904,44757,22324
808134635716833280,0,6367
808106460588765185,9221,2367
808001312164028416,13226,3812
807621403335917568,15324,3936
807106840509214720,124863,59734
807059379405148160,0,7852
807010152071229440,13743,4119
806629075125202948,78913,37318
806620845233815552,0,5940
806576416489959424,5117,2071
806542213899489280,10758,2528
806242860592926720,0,12535
806219024703037440,6773,1281
805958939288408065,0,5780
805932879469572096,8712,2059
805826884734976000,6927,1970
805823200554876929,0,8640
805520635690676224,6059,1773
805487436403003392,9261,2725
805207613751304193,8209,1831
804738756058218496,14434,4123
804475857670639616,6459,2153
804413760345620481,0,3468
804026241225523202,46952,17422
803773340896923648,10578,2966
803692223237865472,0,7981
803638050916102144,11556,4422
803380650405482500,8166,1995
803321560782307329,0,5702
803276597545603072,10567,2643
802952499103731712,9524,2156
802624713319034886,0,3133
802600418706604034,7489,1582
802572683846291456,9427,2686
802323869084381190,17084,6263
802265048156610565,6958,1464
802239329049477120,9553,2815
802185808107208704,0,285
801958328846974976,8142,1839
801854953262350336,1860,250
801538201127157760,8637,2207
801285448605831168,6372,892
801167903437357056,25834,6367
801127390143516673,0,4254
801115127852503040,8518,2255
800859414831898624,725,101
800855607700029440,0,1748
800751577355128832,11086,2980
800513324630806528,13844,3234
800459316964663297,9994,2317
800443802682937345,0,4634
800388270626521089,11755,3018
800188575492947969,0,4244
800141422401830912,16143,2758
800018252395122689,29937,14170
799774291445383169,0,5022
799757965289017345,8850,2328
799422933579902976,8487,2059
799308762079035393,0,5925
799297110730567681,10434,2970
799063482566066176,8510,2653
798933969379225600,13832,4806
798925684722855936,7855,1527
798705661114773508,0,7100
798701998996647937,0,8363
798697898615730177,0,6981
798694562394996736,0,5316
798686750113755136,0,2489
798682547630837760,0,5059
798673117451325440,0,5951
798665375516884993,0,4185
798644042770751489,0,1988
798628517273620480,0,2113
798585098161549313,0,6140
798576900688019456,0,6278
798340744599797760,0,3606
798209839306514432,10943,2742
797971864723324932,12269,3373
797545162159308800,15321,5207
797236660651966464,21040,7142
797165961484890113,238,28
796904159865868288,0,9549
796865951799083009,8094,2043
796759840936919040,12500,3284
796563435802726400,0,7831
796484825502875648,8002,1892
796387464403357696,11598,4482
796177847564038144,0,15395
796149749086875649,34062,15395
796125600683540480,5215,1920
796116448414461957,9612,2594
796080075804475393,8923,2490
796031486298386433,11413,3963
795464331001561088,52464,25602
795400264262053889,10638,3093
795076730285391872,17103,5839
794983741416415232,0,3632
794926597468000259,10837,2474
794355576146903043,0,11054
794332329137291264,10094,2857
794205286408003585,9716,3557
793962221541933056,17724,5248
793845145112371200,9721,2014
793614319594401792,0,3350
793601777308463104,8417,1749
793500921481273345,11277,2557
793286476301799424,25927,9874
793271401113350145,9137,2556
793256262322548741,21093,8973
793241302385262592,11089,3523
793226087023144960,10376,3082
793210959003287553,9424,3011
793195938047070209,16121,6052
793180763617361921,7321,2140
793165685325201412,9932,2987
793150605191548928,6517,1820
793135492858580992,6809,2676
793120401413079041,13387,4205
792913359805018113,15118,4300
792883833364439040,11926,4601
792773781206999040,7747,1800
792394556390137856,14162,4608
792050063153438720,7557,1940
791821351946420224,0,22599
791784077045166082,0,10340
791780927877898241,0,4100
791774931465953280,47586,23857
791672322847637504,12381,3350
791406955684368384,13824,4421
791312159183634433,9263,2727
791026214425268224,0,4423
790987426131050500,10401,2296
790946055508652032,17523,5028
790723298204217344,0,2482
790698755171364864,8644,2056
790581949425475584,21781,7725
790337589677002753,8238,2001
790277117346975746,13228,3415
790227638568808452,0,3830
789986466051088384,9734,2482
789960241177853952,0,4431
789903600034189313,10917,4425
789628658055020548,7906,1910
789599242079838210,7123,2071
789530877013393408,12410,3632
789314372632018944,9080,2476
789280767834746880,0,5303
789268448748703744,9606,2781
789137962068021249,10215,3000
788908386943430656,28865,13295
788765914992902144,28878,11054
788552643979468800,0,7730
788412144018661376,16390,5678
788178268662984705,7610,2268
788150585577050112,6463,1400
788070120937619456,0,3662
788039637453406209,6468,1415
787810552592695296,9131,3286
787717603741622272,10766,2990
787397959788929025,11423,3038
787322443945877504,8206,1877
787111942498508800,0,7234
786963064373534720,27993,8543
786729988674449408,0,2570
786709082849828864,19161,6534
786664955043049472,11196,2738
786595970293370880,9906,3330
786363235746385920,11458,3757
786286427768250368,8382,3063
786233965241827333,16075,5112
786051337297522688,1502,165
786036967502913536,0,7561
785927819176054784,11964,3390
785872687017132033,7027,1951
785639753186217984,8219,2379
785533386513321988,9572,2142
785515384317313025,6408,1350
785264754247995392,7642,1751
785170936622350336,12681,5196
784826020293709826,10640,3468
784517518371221505,9414,2717
784431430411685888,5988,1377
784183165795655680,21149,8640
784057939640352768,31377,11921
783839966405230592,31534,11561
783821107061198850,7725,2096
783695101801398276,10963,3449
783466772167098368,8879,2404
783391753726550016,17716,5888
783347506784731136,0,5987
783334639985389568,30661,12534
783085703974514689,8551,2369
782969140009107456,25322,7852
782747134529531904,7848,1500
782722598790725632,18140,5781
782598640137187329,8170,2008
782305867769217024,17488,5969
782021823840026624,0,6639
781955203444699136,11671,3592
781661882474196992,10954,2891
781655249211752448,4197,1197
781524693396357120,21781,5940
781308096455073793,7477,2719
781251288990355457,8846,2233
781163403222056960,10271,2924
780931614150983680,22677,7831
780858289093574656,7545,2138
780800785462489090,5769,1390
780601303617732608,12695,3564
780543529827336192,6610,1847
780496263422808064,0,3948
780476555013349377,0,122
780459368902959104,5550,1146
780192070812196864,9106,2387
780092040432480260,0,2453
780074436359819264,12815,5333
779834332596887552,19875,7561
779377524342161408,9240,3335
779124354206535695,0,19663
779123168116150273,12383,3906
779056095788752897,15509,4831
778990705243029504,20953,7727
778774459159379968,0,10617
778764940568104960,903,387
778748913645780993,7219,1410
778650543019483137,6043,1604
778624900596654080,4858,1075
778408200802557953,14303,4633
778396591732486144,0,13038
778383385161035776,6127,1176
778286810187399168,10889,3511
778039087836069888,8880,2804
778027034220126208,6860,1724
777953400541634568,0,3765
777885040357281792,6655,1748
777684233540206592,11760,3133
777641927919427584,0,4517
777621514455814149,9169,2651
777189768882946048,14981,4602
776819012571455488,0,14670
776813020089548800,5107,1296
776477788987613185,9254,2971
776249906839351296,0,9728
776218204058357768,31386,17025
776201521193218049,10052,2685
776113305656188928,12284,4634
776088319444877312,1919,161
775898661951791106,0,17509
775842724423557120,12260,2842
775733305207554048,14496,4254
775729183532220416,13533,4873
775364825476165632,7764,3166
775350846108426240,10627,4150
775085132600442880,16270,5022
774757898236878852,8964,1890
774639387460112384,7026,1840
774314403806253056,22786,5925
773985732834758656,11213,4130
773922284943896577,6688,1842
773704687002451968,6903,1727
773670353721753600,5564,1384
773547596996571136,23100,6567
773336787167145985,0,5409
773308824254029826,24317,7934
773247561583001600,9846,3434
773191612633579521,10444,4384
772877495989305348,8955,4119
772826264096874500,8377,2485
772615324260794368,0,3583
772581559778025472,6778,1793
772193107915964416,6312,1478
772152991789019136,3963,1188
772117678702071809,3932,783
772114945936949249,2837,500
772102971039580160,4190,988
771908950375665664,6867,2010
771770456517009408,12530,3606
771500966810099713,8635,2788
771380798096281600,10973,5409
771171053431250945,0,8029
771136648247640064,9563,3103
771102124360998913,6522,1522
771014301343748096,7167,1748
771004394259247104,0,229
770787852854652928,5157,1285
770772759874076672,5412,1502
770655142660169732,7642,1856
770414278348247044,6580,2204
770293558247038976,6505,1587
770093767776997377,0,3232
770069151037685760,7903,2432
769940425801170949,32770,10213
769695466921623552,6672,1755
769335591808995329,0,8158
769212283578875904,5639,1824
768970937022709760,15038,6937
768909767477751808,0,2848
768855141948723200,4385,945
768609597686943744,4295,1278
768596291618299904,5240,1355
768554158521745409,0,6185
768473857036525572,14228,3635
768193404517830656,11375,3765
767884188863397888,4967,1476
767754930266464257,16723,5702
767500508068192258,7808,2477
767191397493538821,12804,4017
767122157629476866,10566,3020
766864461642756096,0,5986
766793450729734144,5297,1437
766714921925144576,2718,408
766693177336135680,4196,840
766423258543644672,6283,1690
766313316352462849,7071,1997
766078092750233600,0,2753
766069199026450432,4439,905
766008592277377025,3912,524
765719909049503744,7538,2264
765669560888528897,5422,1288
765395769549590528,27606,3600
765371061932261376,7387,2290
765222098633691136,12099,3583
764857477905154048,6707,1877
764259802650378240,6291,1603
763956972077010945,776,58
763837565564780549,13123,4423
763183847194451968,5613,1560
763167063695355904,0,3189
763103485927849985,7672,2419
762699858130116608,12679,3830
762471784394268675,11737,6837
762464539388485633,10728,4431
762316489655476224,5000,1189
762035686371364864,33282,16525
761976711479193600,5615,2136
761750502866649088,0,4160
761745352076779520,4438,906
761672994376806400,51590,30747
761599872357261312,4291,1246
761371037149827077,0,19048
761334018830917632,5416,1534
761292947749015552,4647,1159
761227390836215808,5523,1646
761004547850530816,11794,3662
760893934457552897,3970,1027
760656994973933572,6890,2025
760641137271070720,5157,1363
760539183865880579,7898,3832
760521673607086080,4400,1475
760290219849637889,27914,12154
760252756032651264,4107,915
760190180481531904,5931,1909
760153949710192640,0,32
759943073749200896,6168,2203
759923798737051648,15247,5986
759846353224826880,6979,2092
759793422261743616,6203,2010
759566828574212096,0,22316
759557299618865152,4882,1241
759447681597108224,8837,2570
759446261539934208,1733,514
759197388317847553,6302,2061
759159934323924993,0,1230
759099523532779520,15098,4404
759047813560868866,6758,2138
758854675097526272,3689,945
758828659922702336,11621,4059
758740312047005698,5953,1702
758474966123810816,3966,1051
758467244762497024,4985,2350
758405701903519748,5402,2036
758355060040593408,3550,1150
758099635764359168,19921,10617
758041019896193024,2808,395
757741869644341248,7150,3436
757729163776290825,0,8554
757725642876129280,4709,1283
757611664640446465,4744,1173
757597904299253760,0,310
757596066325864448,4506,1117
757400162377592832,15743,7224
757393109802180609,6054,1838
757354760399941633,4697,1505
756998049151549440,6530,2098
756939218950160384,6898,2121
756651752796094464,5253,1377
756526248105566208,10808,3809
756303284449767430,4098,1148
756288534030475264,44492,18409
756275833623502848,6665,1607
755955933503782912,7614,3055
755206590534418437,17084,5669
755110668769038337,22054,11705
754874841593970688,0,8435
754856583969079297,7146,2668
754747087846248448,2672,549
754482103782404096,5511,2060
754449512966619136,3892,767
754120377874386944,8157,2470
753655901052166144,6059,2282
753420520834629632,8230,3763
753398408988139520,5988,2027
753375668877008896,7923,2453
753298634498793472,0,6061
753294487569522689,3508,1104
753039830821511168,38548,22092
753026973505581056,4051,1029
752932432744185856,13113,7234
752917284578922496,7156,1662
752701944171524096,0,3053
752682090207055872,6206,1691
752660715232722944,4560,1655
752568224206688256,5731,2411
752519690950500352,7645,3644
752334515931054080,3950,1166
752309394570878976,0,17554
752173152931807232,6168,1936
751950017322246144,3183,981
751937170840121344,5390,1417
751830394383790080,6009,2057
751793661361422336,6070,3056
751598357617971201,8188,3200
751583847268179968,4554,1164
751538714308972544,5224,1332
751456908746354688,3315,1055
751251247299190784,12965,6185
751205363882532864,6543,1930
751132876104687617,5246,1369
750868782890057730,4955,1454
750719632563142656,13673,5303
750506206503038976,4603,1196
750429297815552001,13639,4517
750383411068534784,4719,1197
750381685133418496,717,29
750147208377409536,3225,1010
750132105863102464,3764,1351
750117059602808832,4489,1370
750101899009982464,3151,890
750086836815486976,2249,568
750071704093859840,8157,3523
750056684286914561,3259,946
750041628174217216,3289,651
750026558547456000,2805,827
750011400160841729,3353,955
749996283729883136,3162,851
749981277374128128,5295,2589
749774190421639168,4826,1379
749417653287129088,6323,1746
749403093750648834,2716,566
749395845976588288,8888,3641
749317047558017024,5672,2331
749075273010798592,5956,2171
749064354620928000,4955,1593
749036806121881602,3212,826
748977405889503236,11115,3577
748932637671223296,6033,2381
748705597323898880,2860,996
748699167502000129,4897,1676
748692773788876800,4386,1396
748575535303884801,6276,2086
748568946752774144,2261,702
748346686624440324,5392,1295
748337862848962560,7931,4324
748324050481647620,3814,799
748307329658011649,3787,744
748220828303695873,14626,8185
747963614829678593,5971,2246
747933425676525569,6839,2673
747885874273214464,3047,1031
747844099428986880,2903,783
747816857231626240,5004,1216
747651430853525504,1428,161
747648653817413632,13338,6125
747600769478692864,2397,579
747594051852075008,3807,1105
747512671126323200,5711,1662
747461612269887489,3996,1080
747439450712596480,5610,2015
747242308580548608,0,3015
747219827526344708,5465,1651
747204161125646336,3492,960
747103485104099331,9893,4188
746906459439529985,2992,310
746872823977771008,6194,2253
746818907684614144,5470,1809
746790600704425984,5028,1669
746757706116112384,9888,4100
746726898085036033,6234,1877
746542875601690625,5202,1959
746521445350707200,0,1026
746507379341139972,4788,1136
746369468511756288,6372,1713
746131877086527488,7136,2316
746056683365994496,3661,851
745789745784041472,4154,1118
745712589599014916,7210,2435
745433870967832576,7311,2660
745422732645535745,8859,2546
745314880350101504,7402,2905
745074613265149952,8080,3688
745057283344719872,7468,2386
744995568523612160,3057,649
744971049620602880,8135,2823
744709971296780288,5778,1634
744334592493166593,6990,2235
744234799360020481,161577,81918
744223424764059648,1732,386
743980027717509120,4296,1142
743895849529389061,3752,1000
743835915802583040,0,2181
743609206067040256,4623,1445
743595368194129920,19008,6874
743545585370791937,3639,981
743510151680958465,8164,3872
743253157753532416,4357,1275
743222593470234624,6387,1985
743210557239623680,3964,1426
742534281772302336,7264,3708
742528092657332225,4562,2077
742465774154047488,7480,4065
742423170473463808,10119,3948
742385895052087300,7016,2077
742161199639494656,4476,1444
742150209887731712,5289,1622
741793263812808706,4683,1575
741743634094141440,8426,2893
741438259667034112,3777,868
741303864243200000,9050,3374
741099773336379392,10319,5793
741067306818797568,9755,3232
740995100998766593,6569,2892
740711788199743490,3514,975
740699697422163968,2918,816
740676976021798912,18717,7100
740373189193256964,35880,13883
740365076218183684,2541,451
740359016048689152,3393,892
740214038584557568,6886,2058
739979191639244800,20575,6185
739932936087216128,4172,1126
739844404073074688,3913,893
739623569819336705,3900,1420
739606147276148736,5523,1726
739544079319588864,40819,22316
739485634323156992,7375,3055
739238157791694849,119412,60642
738891149612572673,112,6
738885046782832640,3878,1193
738883359779196928,3411,841
738537504001953792,5241,1625
738402415918125056,3333,874
738184450748633089,4436,1255
738166403467907072,9043,3544
738156290900254721,2586,680
737826014890496000,5414,1837
737800304142471168,10292,3614
737678689543020544,5175,1388
737445876994609152,10573,4654
737322739594330112,3699,847
737310737551491075,15106,7741
736736130620620800,4411,1808
736392552031657984,18242,7730
736365877722001409,4099,1301
736225175608430592,8345,2890
736010884653420544,8115,3108
735991953473572864,3696,1193
735648611367784448,4125,1147
735635087207878657,6349,2443
735274964362878976,13369,5286
735256018284875776,3427,922
735137028879360001,3210,1005
734912297295085568,2822,543
734787690684657664,12920,6557
734776360183431168,2584,565
734559631394082816,1530,414
733828123016450049,3676,815
733822306246479872,3765,1054
733482008106668032,3232,983
733460102733135873,4327,1338
733109485275860992,50632,17509
732732193018155009,2509,556
732726085725589504,3638,921
732585889486888962,3776,810
732375214819057664,8309,2621
732005617171337216,15322,5669
731285275100512256,3579,1022
731156023742988288,3933,1323
730924654643314689,6303,2056
730573383004487680,5042,2232
730427201120833536,3571,1088
730211855403241472,3926,1095
730196704625098752,4989,2005
729854734790754305,4153,1172
729838605770891264,1758,399
729823566028484608,4094,1289
729463711119904772,5946,2410
729113531270991872,1932,338
728986383096946689,3232,852
728760639972315136,4802,1779
728751179681943552,2851,704
728653952833728512,3395,1079
728409960103686147,5041,2089
728387165835677696,3773,996
728046963732717569,4429,1230
728035342121635841,4678,1732
728015554473250816,4212,1146
727685679342333952,3023,660
727644517743104000,6043,1815
727524757080539137,4583,1273
727314416056803329,3422,775
727286334147182592,3119,844
727175381690781696,3996,1437
727155742655025152,3741,1378
726935089318363137,7070,2549
726887082820554753,3936,1572
726828223124897792,3651,1037
726224900189511680,4525,1188
725842289046749185,7234,2753
725786712245440512,4270,1418
725729321944506368,5324,1859
725458796924002305,1445,640
724983749226668032,3810,1357
724771698126512129,2436,668
724405726123311104,5423,1705
724049859469295616,4434,1830
724046343203856385,2727,578
724004602748780546,4296,1630
723912936180330496,3997,1277
723688335806480385,7882,3084
723673163800948736,3091,927
723179728551723008,5417,1936
722974582966214656,4204,1626
722613351520608256,5094,1700
721503162398597120,4750,1936
721001180231503872,2592,638
720785406564900865,3196,793
720775346191278080,2548,697
720415127506415616,4237,1557
720389942216527872,6548,2609
720340705894408192,2942,1012
720059472081784833,3982,1161
720043174954147842,5034,2084
719991154352222208,4961,1813
719704490224398336,4674,1500
719551379208073216,5183,2001
719367763014393856,2860,768
719339463458033665,4528,1295
719332531645071360,3507,993
718971898235854848,3577,1130
718939241951195136,5381,1835
718631497683582976,19327,8363
718613305783398402,2497,499
718540630683709445,2538,1056
718460005985447936,2766,544
718454725339934721,4977,1563
718246886998687744,1982,516
718234618122661888,3977,1040
717841801130979328,2519,616
717790033953034240,2953,1162
717537687239008257,5899,1910
717428917016076293,1652,467
717421804990701568,3231,873
717047459982213120,6437,1993
717009362452090881,3343,1012
716802964044845056,4409,1226
716791146589110272,7462,1590
716730379797970944,1266,445
716447146686459905,13415,6129
716439118184652801,2432,218
716285507865542656,2846,1123
716080869887381504,6910,1982
715928423106027520,3274,910
715758151270801409,3816,1490
715733265223708672,4789,1748
715704790270025728,2879,587
715696743237730304,4014,1342
715680795826982913,4436,1685
715360349751484417,5610,1633
715342466308784130,3110,715
715220193576927233,2478,679
715200624753819648,5266,1960
715009755312439296,4279,1282
714982300363173890,3849,1068
714962719905021952,7548,4444
714957620017307648,4232,1467
714631576617938945,3350,1039
714606013974974464,3729,956
714485234495041536,2766,1195
714258258790387713,3106,742
714251586676113411,3360,863
714214115368108032,2334,911
714141408463036416,4417,1450
713919462244790272,3375,804
713909862279876608,1969,558
713900603437621249,2916,765
713761197720473600,5004,1428
713411074226274305,4536,1345
713177543487135744,7408,2935
713175907180089344,4582,1517
712809025985978368,19042,6981
712717840512598017,12682,5183
712668654853337088,4277,1258
712438159032893441,5464,1617
712309440758808576,247,25
712097430750289920,3890,1079
712092745624633345,3016,922
712085617388212225,3344,501
712065007010385924,2325,652
711998809858043904,0,130
711968124745228288,8283,2402
711743778164514816,2921,1023
711732680602345472,9121,4299
711694788429553666,33739,19048
711652651650457602,3967,951
711363825979756544,3758,1176
711306686208872448,3401,757
711008018775851008,3070,635
710997087345876993,4686,1438
710844581445812225,2616,719
710833117892898816,2763,555
710658690886586372,2375,585
710609963652087808,4924,2457
710588934686908417,4676,1944
710296729921429505,2439,771
710283270106132480,2200,536
710272297844797440,4657,1288
710269109699739648,2462,1170
710153181850935296,2989,923
710140971284037632,2849,917
710117014656950272,5649,2076
709918798883774466,3066,1102
709901256215666688,694,105
709852847387627521,3611,1244
709566166965075968,3634,1252
709556954897764353,3384,1105
709519240576036864,1530,243
709449600415961088,2295,600
709409458133323776,2694,713
709225125749587968,2467,594
709207347839836162,12910,6072
709198395643068416,2488,667
709179584944730112,2060,694
709158332880297985,2103,435
709042156699303936,4888,1705
708853462201716736,1841,682
708845821941387268,3078,934
708834316713893888,1731,524
708810915978854401,16956,7210
708738143638450176,2821,846
708711088997666817,2619,748
708479650088034305,2623,700
708469915515297792,3177,845
708400866336894977,16437,10533
708356463048204288,3694,1378
708349470027751425,2415,762
708149363256774660,4397,1600
708130923141795840,3482,878
708119489313951744,2758,1017
708109389455101952,1988,561
708026248782585858,4491,1992
707995814724026368,3224,1169
707983188426153984,51,2
707969809498152960,2776,1006
707776935007539200,3376,987
707741517457260545,2566,635
707738799544082433,4208,2582
707693576495472641,3523,1037
707629649552134146,2646,920
707610948723478529,17428,6639
707420581654872064,2342,719
707411934438625280,2351,615
707387676719185920,3601,1346
707377100785885184,3374,1125
707315916783140866,2546,666
707297311098011648,2852,823
707059547140169728,2660,702
707038192327901184,2250,820
707021089608753152,4195,1423
707014260413456384,2369,620
706904523814649856,14995,8158
706901761596989440,2125,624
706681918348251136,3419,1007
706644897839910912,2651,1141
706593038911545345,2221,650
706538006853918722,3558,1473
706516534877929472,3187,1071
706346369204748288,3545,964
706310011488698368,21973,8304
706291001778950144,1748,487
706265994973601792,2810,961
706169069255446529,4024,2316
706166467411222528,5297,1669
706153300320784384,1527,394
705975130514706432,3196,762
705970349788291072,3235,925
705898680587526145,2431,578
705786532653883392,2005,544
705591895322394625,3258,1199
705475953783398401,3036,956
705442520700944385,4565,1702
705428427625635840,3918,1752
705239209544720384,3085,776
705223444686888960,2647,830
705102439679201280,2212,532
705066031337840642,2238,633
704871453724954624,4398,1160
704859558691414016,2319,568
704847917308362754,5245,1599
704819833553219584,2715,1029
704761120771465216,6816,3015
704499785726889984,3012,1045
704491224099647488,783,83
704480331685040129,3491,1101
704364645503647744,8250,3695
704347321748819968,1634,362
704134088924532736,1549,484
704113298707505153,1899,586
704054845121142784,3012,946
703774238772166656,1890,481
703769065844768768,3376,1183
703631701117943808,2663,715
703611486317502464,3964,1580
703425003149250560,3900,1431
703407252292673536,2529,725
703382836347330562,3610,1182
703356393781329922,1967,403
703268521220972544,2022,566
703079050210877440,7609,3221
703041949650034688,27122,13038
702932127499816960,2670,750
702899151802126337,1653,473
702684942141153280,3326,1119
702671118226825216,2263,580
702598099714314240,12540,3570
702539513671897089,2960,995
702332542343577600,3284,1626
702321140488925184,3368,1079
702276748847800320,2549,795
702217446468493312,4940,1390
701981390485725185,3553,1038
701952816642965504,3936,1067
701889187134500865,3643,1440
701805642395348998,3531,1763
701601587219795968,2148,476
701570477911896070,2900,963
701545186879471618,2738,637
701214700881756160,12588,5315
700890391244103680,2274,597
700864154249383937,2668,640
700847567345688576,2517,520
700796979434098688,2509,995
700747788515020802,23535,9728
700518061187723268,2699,832
700505138482569216,2354,597
700462010979500032,4252,1870
700167517596164096,2719,777
700151421916807169,2303,695
700143752053182464,7747,2848
700062718104104960,2729,725
700029284593901568,2134,605
700002074055016451,3412,1395
699801817392291840,3152,999
699788877217865730,2304,521
699779630832685056,2842,1301
699775878809702401,2015,627
699691744225525762,10561,4807
699446877801091073,6107,2724
699434518667751424,2229,529
699423671849451520,1418,342
699413908797464576,2135,638
699370870310113280,1940,457
699323444782047232,3256,901
699088579889332224,2302,658
699079609774645248,2519,683
699072405256409088,3082,1240
699060279947165696,3877,1879
699036661657767936,2676,1242
698989035503689728,3475,1021
698953797952008193,2785,944
698907974262222848,2614,652
698710712454139905,2539,710
698703483621523456,1498,398
698635131305795584,1329,353
698549713696649216,2394,644
698355670425473025,1925,472
698342080612007937,2330,987
698262614669991936,4891,2089
698195409219559425,17281,6211
698178924120031232,2896,778
697995514407682048,1564,347
697990423684476929,3379,1349
697943111201378304,2464,714
697881462549430272,3101,1233
697630435728322560,1801,560
697616773278015490,3252,1052
697596423848730625,3119,1316
697575480820686848,2098,517
697516214579523584,2133,1175
697482927769255936,2483,699
697463031882764288,3514,1443
697270446429966336,4821,1949
697259378236399616,3384,1040
697255105972801536,3113,1206
697242256848379904,2587,698
696900204696625153,3271,1060
696894894812565505,2408,704
696886256886657024,5009,1880
696877980375769088,2514,737
696754882863349760,1528,372
696744641916489729,2128,976
696713835009417216,2439,675
696518437233913856,4021,1778
696490539101908992,1249,149
696488710901260288,2611,1077
696405997980676096,3297,1197
696100768806522880,1992,689
695816827381944320,3099,1220
695794761660297217,3268,813
695767669421768709,1925,780
695629776980148225,4704,2185
695446424020918272,4515,1890
695409464418041856,8911,3727
695314793360662529,3737,1523
695095422348574720,2711,641
695074328191332352,2929,1154
695064344191721472,1646,624
695051054296211456,2742,821
694925794720792577,2767,953
694905863685980160,2831,971
694669722378485760,36846,15060
694356675654983680,1551,297
694352839993344000,2103,645
694342028726001664,1616,500
694329668942569472,2060,522
694206574471057408,4297,2116
694183373896572928,3034,971
694001791655137281,3497,1073
693993230313091072,1927,421
693942351086120961,1789,384
693647888581312512,2770,616
693644216740769793,1382,131
693642232151285760,2612,430
693629975228977152,2518,831
693622659251335168,1584,383
693590843962331137,5200,2059
693582294167244802,1694,265
693486665285931008,1832,662
693280720173801472,3461,1282
693267061318012928,2458,845
693262851218264065,2292,520
693231807727280129,2947,759
693155686491000832,8107,3352
693109034023534592,1773,643
693095443459342336,1920,482
692919143163629568,2736,785
692905862751522816,2505,914
692901601640583168,1825,623
692894228850999298,2339,839
692828166163931137,2963,918
692752401762250755,7030,3778
692568918515392513,4485,1608
692535307825213440,3277,1425
692530551048294401,1895,432
692423280028966913,1520,240
692417313023332352,9606,3625
692187005137076224,2600,853
692158366030913536,2209,819
692142790915014657,1693,412
692041934689402880,3498,1329
692017291282812928,2950,997
691820333922455552,4068,1734
691793053716221953,8370,4398
691756958957883396,2955,1056
691675652215414786,2005,526
691483041324204033,2453,582
691459709405118465,4161,1197
691444869282295808,2733,881
691416866452082688,19899,7981
691321916024623104,2645,683
691096613310316544,3043,916
691090071332753408,1763,349
690989312272396288,6078,2991
690959652130045952,3689,1313
690938899477221376,4242,2079
690932576555528194,3385,1071
690735892932222976,3903,1327
690728923253055490,2239,538
690690673629138944,2394,837
690649993829576704,1351,290
690607260360429569,302,17
690597161306841088,2022,633
690400367696297985,1931,470
690374419777196032,3354,887
690360449368465409,2730,926
690348396616552449,1555,539
690248561355657216,1728,429
690021994562220032,2871,1074
690015576308211712,2584,768
690005060500217858,3768,1766
689999384604450816,1472,387
689993469801164801,1503,473
689977555533848577,1409,468
689905486972461056,2504,722
689877686181715968,3119,1226
689835978131935233,2225,783
689661964914655233,3298,966
689659372465688576,10663,4056
689623661272240129,2294,667
689599056876867584,11986,5767
689557536375177216,2111,478
689517482558820352,3504,1491
689289219123089408,2322,985
689283819090870273,3384,1150
689280876073582592,2046,744
689275259254616065,1187,253
689255633275777024,2633,1124
689154315265683456,3165,1040
689143371370250240,2069,530
688916208532455424,2812,909
688908934925697024,2177,809
688898160958271489,2164,821
688894073864884227,2305,725
688828561667567616,1418,389
688804835492233216,992,200
688789766343622656,2286,685
688547210804498433,2688,729
688519176466644993,2389,763
688385280030670848,9563,4661
688211956440801280,2299,865
688179443353796608,2187,612
688116655151435777,2918,811
688064179421470721,1783,373
687841446767013888,5627,2638
687826841265172480,2820,1180
687818504314159109,2563,991
687807801670897665,2469,736
687732144991551489,1816,686
687704180304273409,2514,877
687664829264453632,1995,528
687494652870668288,1961,593
687480748861947905,1650,251
687476254459715584,2043,556
687460506001633280,2123,564
687399393394311168,1955,649
687317306314240000,20738,9549
687312378585812992,4495,1980
687127927494963200,5628,2393
687124485711986689,2237,522
687109925361856513,5990,2582
687102708889812993,2410,1025
687096057537363968,2314,629
686947101016735744,8874,3325
686760001961103360,3632,1442
686749460672679938,3587,1517
686730991906516992,4277,1254
686683045143953408,2909,840
686618349602762752,3804,1425
686606069955735556,1959,569
686394059078897668,1790,709
686386521809772549,3353,920
686377065986265092,2281,589
686358356425093120,2259,705
686286779679375361,4125,1741
686050296934563840,2266,755
686035780142297088,1189,126
686034024800862208,3209,1210
686007916130873345,2568,440
686003207160610816,1883,670
685973236358713344,2174,542
685943807276412928,1678,625
685906723014619143,7738,3050
685681090388975616,2092,131
685667379192414208,2414,600
685663452032069632,3358,1529
685641971164143616,3024,815
685547936038666240,33970,16423
685532292383666176,3130,1209
685325112850124800,9772,4160
685321586178670592,2727,674
685315239903100929,3452,1126
685307451701334016,2139,460
685268753634967552,3200,1254
685198997565345792,2411,694
685169283572338688,4228,1486
684969860808454144,2439,390
684959798585110529,7023,3269
684940049151070208,3320,1092
684926975086034944,3605,486
684914660081053696,3622,1541
684902183876321280,1938,556
684880619965411328,2164,859
684830982659280897,36118,22599
684800227459624960,2806,1043
684594889858887680,9192,3681
684588130326986752,4239,1470
684567543613382656,3111,1285
684538444857667585,2726,996
684481074559381504,4002,1224
684460069371654144,2042,578
684241637099323392,8413,3466
684225744407494656,1274,219
684222868335505415,3947,1435
684200372118904832,2232,1071
684195085588783105,1972,542
684188786104872960,3590,1230
684177701129875456,2074,703
684147889187209216,3070,1562
684122891630342144,2061,496
684097758874210310,4239,1499
683857920510050305,3923,1163
683852578183077888,1986,369
683849932751646720,2686,1019
683834909291606017,2706,1158
683828599284170753,2889,1112
683773439333797890,3440,1412
683742671509258241,6696,3474
683515932363329536,7566,3053
683498322573824003,3264,1007
683481228088049664,2726,1043
683462770029932544,2505,705
683449695444799489,4017,1685
683391852557561860,7861,2489
683357973142474752,3016,970
683142553609318400,2970,1091
683111407806746624,3499,955
683098815881154561,2227,689
683078886620553216,2042,586
683030066213818368,2216,761
682962037429899265,38046,17454
682808988178739200,1831,188
682788441537560576,2544,1167
682750546109968385,1564,459
682697186228989953,1349,378
682662431982772225,3146,1134
682638830361513985,2123,633
682429480204398592,3530,1214
682406705142087680,7808,1845
682393905736888321,2301,712
682389078323662849,1711,489
682303737705140231,3161,1054
682259524040966145,4288,1268
682242692827447297,3353,1230
682088079302213632,18841,10340
682059653698686977,5096,1772
682047327939461121,3288,1003
682032003584274432,6785,2109
682003177596559360,3232,1600
681981167097122816,2884,1081
681891461017812993,2544,856
681694085539872773,13174,4244
681679526984871937,1819,467
681654059175129088,2716,971
681610798867845120,1964,500
681579835668455424,3643,1364
681523177663676416,14737,6061
681340665377193984,1688,294
681339448655802368,9559,4254
681320187870711809,2724,784
681302363064414209,4062,1905
681297372102656000,3297,1005
681281657291280384,3311,1151
681261549936340994,1501,290
681242418453299201,1529,565
681231109724700672,2471,508
681193455364796417,3807,1551
680970795137544192,2488,694
680959110691590145,4697,2093
680940246314430465,3301,1099
680934982542561280,2132,459
680913438424612864,2469,648
680889648562991104,1813,380
680836378243002368,3558,1392
680805554198020098,2217,690
680801747103793152,2439,859
680798457301471234,2927,1086
680609293079592961,2709,743
680583894916304897,3728,1400
680497766108381184,4355,1996
680494726643068929,1766,507
680473011644985345,2621,775
680440374763077632,1494,528
680221482581123072,1500,303
680206703334408192,2916,1235
680191257256136705,2208,528
680176173301628928,4008,1640
680161097740095489,2389,771
680145970311643136,3710,1827
680130881361686529,2345,990
680115823365742593,2791,942
680100725817409536,3673,1437
680085611152338944,13150,9358
680070545539371008,2654,919
679877062409191424,2026,678
679872969355714560,2242,691
679862121895714818,2516,651
679854723806179328,2937,1291
679844490799091713,2431,794
679828447187857408,37263,14669
679777920601223168,3168,1160
679736210798047232,2148,828
679729593985699840,2222,859
679722016581222400,1696,489
679530280114372609,4904,2175
679527802031484928,2708,755
679511351870550016,3456,1320
679503373272485890,3221,1535
679475951516934144,2145,663
679462823135686656,32567,19662
679405845277462528,2434,1253
679158373988876288,21937,8435
679148763231985668,2845,1076
679132435750195208,3042,1205
679111216690831360,6114,2670
679062614270468097,17468,8554
679047485189439488,2301,703
679001094530465792,2902,1289
678991772295516161,2368,1229
678969228704284672,1686,484
678800283649069056,2643,944
678798276842360832,3540,1227
678774928607469569,2871,957
678767140346941444,3623,1422
678764513869611008,1678,496
678755239630127104,7301,3440
678740035362037760,3850,1762
678708137298427904,5715,2525
678675843183484930,2931,1535
678643457146150913,2096,442
678446151570427904,4096,1627
678424312106393600,5543,2640
678410210315247616,4337,1898
678399652199309312,81030,33043
678396796259975168,1629,440
678389028614488064,1916,439
678380236862578688,2499,946
678341075375947776,1765,558
678334497360859136,1333,269
678278586130948096,11691,6313
678255464182861824,1625,387
678023323247357953,1968,395
678021115718029313,14038,6611
677961670166224897,3493,1754
677918531514703872,1380,426
677895101218201600,4936,2179
677716515794329600,3125,1004
677700003327029250,3462,1501
677698403548192770,1256,333
677687604918272002,2534,875
677673981332312066,3398,1554
677662372920729601,1978,1004
677644091929329666,1894,830
677573743309385728,2176,746
677565715327688705,1323,473
677557565589463040,2488,1197
677547928504967168,7062,3782
677530072887205888,1091,235
677335745548390400,3097,1857
677334615166730240,1376,299
677331501395156992,1116,244
677328882937298944,3697,1557
677314812125323265,1675,551
677301033169788928,1259,423
677269281705472000,2034,728
677228873407442944,3608,1689
677187300187611136,2790,955
676975532580409345,2834,1113
676957860086095872,2258,837
676949632774234114,1333,412
676948236477857792,2217,899
676946864479084545,1747,387
676942428000112642,2111,778
676936541936185344,12939,5059
676916996760600576,3015,1853
676897532954456065,2289,741
676864501615042560,2133,735
676821958043033607,23431,16127
676819651066732545,1837,691
676811746707918848,1444,437
676776431406465024,5082,2076
676617503762681856,2948,1012
676613908052996102,1097,203
676606785097199616,1911,452
676603393314578432,1179,393
676593408224403456,4644,2222
676590572941893632,927,129
676588346097852417,2352,816
676582956622721024,1219,288
676575501977128964,2631,1155
676533798876651520,1902,571
676496375194980353,1541,547
676470639084101634,11780,4818
676440007570247681,1739,686
676430933382295552,1416,356
676263575653122048,2105,567
676237365392908289,1239,300
676219687039057920,76627,31947
676215927814406144,1768,601
676191832485810177,2311,1062
676146341966438401,1941,679
676121918416756736,2187,1192
676101918813499392,2854,1200
676098748976615425,3050,1476
676089483918516224,1332,446
675898130735476737,1642,587
675891555769696257,2158,889
675888385639251968,2413,989
675878199931371520,4217,1439
675870721063669760,1657,590
675853064436391936,2721,1335
675849018447167488,944,150
675845657354215424,2305,908
675822767435051008,1541,551
675820929667219457,1061,238
675798442703122432,10369,3472
675781562965868544,1642,487
675740360753160193,1184,356
675710890956750848,1908,841
675707330206547968,2001,712
675706639471788032,649,100
675534494439489536,1839,431
675531475945709568,1195,393
675522403582218240,1050,294
675517828909424640,1303,470
675501075957489664,17325,5950
675497103322386432,3173,1332
675489971617296384,1314,616
675483430902214656,1854,995
675432746517426176,1538,586
675372240448454658,1701,523
675362609739206656,1058,236
675354435921575936,33026,17553
675349384339542016,3957,2314
675334060156301312,2798,1328
675166823650848770,3640,1649
675153376133427200,6331,2657
675149409102012420,3761,1714
675147105808306176,947,242
675146535592706048,1201,318
675145476954566656,2154,920
675135153782571009,1306,505
675113801096802304,1962,801
675111688094527488,975,259
675109292475830276,2816,1155
675047298674663426,1068,335
675015141583413248,2724,1223
675006312288268288,995,232
675003128568291329,1568,484
674999807681908736,2260,1121
674805413498527744,863,363
674800520222154752,3040,876
674793399141146624,2520,1106
674790488185167872,1114,253
674788554665512960,821,216
674781762103414784,2009,1224
674774481756377088,1126,482
674767892831932416,1834,808
674764817387900928,790,242
674754018082705410,1368,459
674752233200820224,1466,479
674743008475090944,1416,560
674742531037511680,492,51
674739953134403584,1115,397
674737130913071104,648,95
674690135443775488,1152,479
674670581682434048,1607,665
674664755118911488,927,259
674646392044941312,1448,501
674644256330530816,1026,272
674638615994089473,1690,593
674632714662858753,1510,590
674606911342424069,943,102
674468880899788800,6258,2093
674447403907457024,1064,363
674436901579923456,1119,398
674422304705744896,1439,549
674416750885273600,681,143
674410619106390016,1202,473
674394782723014656,1513,583
674372068062928900,850,321
674330906434379776,565,74
674318007229923329,1428,525
674307341513269249,11371,7080
674291837063053312,14799,5987
674271431610523648,1575,743
674269164442398721,908,228
674265582246694913,1657,864
674262580978937856,1306,463
674255168825880576,1470,563
674082852460433408,757,173
674075285688614912,984,293
674063288070742018,6380,2242
674053186244734976,3330,1322
674051556661161984,1446,496
674045139690631169,1425,649
674042553264685056,725,130
674038233588723717,1106,421
674036086168010753,849,214
674024893172875264,1789,1237
674019345211760640,1133,305
674014384960745472,1565,656
674008982932058114,1200,364
673956914389192708,1950,968
673919437611909120,1169,376
673906403526995968,3200,1643
673887867907739649,931,254
673716320723169284,3081,756
673715861853720576,3547,2105
673711475735838725,1038,302
673709992831262724,849,278
673708611235921920,1086,295
673707060090052608,1101,397
673705679337693185,1253,406
673700254269775872,1443,577
673697980713705472,3802,1976
673689733134946305,1736,660
673688752737402881,1268,502
673686845050527744,1440,447
673680198160809984,1376,475
673662677122719744,1256,367
673656262056419329,720,245
673636718965334016,1102,365
673612854080196609,1597,730
673583129559498752,1187,368
673580926094458881,837,274
673576835670777856,1389,568
673363615379013632,1025,309
673359818736984064,1454,680
673355879178194945,1491,581
673352124999274496,1657,542
673350198937153538,747,217
673345638550134785,2505,1284
673343217010679808,971,273
673342308415348736,1271,591
673320132811366400,13458,8029
673317986296586240,875,263
673295268553605120,7516,3189
673270968295534593,1062,369
673240798075449344,1421,739
673213039743795200,2244,851
673148804208660480,1683,639
672997845381865473,1973,733
672995267319328768,955,298
672988786805112832,983,295
672984142909456390,1257,549
672980819271634944,1823,1023
672975131468300288,1675,913
672970152493887488,942,361
672968025906282496,1309,552
672964561327235073,1418,646
672902681409806336,1362,511
672898206762672129,904,428
672884426393653248,1546,842
672877615439593473,1031,369
672834301050937345,1309,577
672828477930868736,1257,496
672640509974827008,975,327
672622327801233409,1297,496
672614745925664768,1220,592
672609152938721280,1115,391
672604026190569472,1109,402
672594978741354496,1325,613
672591762242805761,946,337
672591271085670400,719,185
672538107540070400,1028,369
672523490734551040,637,173
672488522314567680,1108,442
672482722825261057,1131,606
672481316919734272,716,126
672475084225949696,1425,706
672466075045466113,1353,540
672272411274932228,6437,3407
672267570918129665,1495,620
672264251789176834,1135,340
672256522047614977,2808,1561
672254177670729728,1425,750
672248013293752320,1715,611
672245253877968896,682,161
672239279297454080,890,325
672231046314901505,1828,1023
672222792075620352,780,214
672205392827572224,2255,1162
672169685991993344,1010,371
672160042234327040,872,360
672139350159835138,1743,709
672125275208069120,2397,1148
672095186491711488,1002,372
672082170312290304,938,371
672068090318987265,1286,522
671896809300709376,8473,4185
671891728106971137,1328,578
671882082306625538,3452,1387
671879137494245376,1412,685
671874878652489728,1242,563
671866342182637568,1110,503
671855973984772097,904,444
671789708968640512,7042,3504
671768281401958400,1191,524
671763349865160704,1674,929
671744970634719232,1350,779
671743150407421952,744,235
671735591348891648,1436,759
671729906628341761,8476,4377
671561002136281088,12776,7264
671550332464455680,910,208
671547767500775424,1349,601
671544874165002241,1969,1051
671542985629241344,1087,566
671538301157904385,925,398
671536543010570240,1164,410
671533943490011136,1012,585
671528761649688577,839,263
671520732782923777,1396,532
671518598289059840,951,292
671511350426865664,1603,727
671504605491109889,6992,3559
671497587707535361,911,451
671488513339211776,1010,471
671486386088865792,576,205
671485057807351808,759,234
671390180817915904,1430,740
671362598324076544,1103,297
671357843010908160,399,149
671355857343524864,480,115
671347597085433856,953,430
671186162933985280,734,212
671182547775299584,1113,349
671166507850801152,868,353
671163268581498880,1653,1110
671159727754231808,370,82
671154572044468225,710,220
671151324042559489,666,156
671147085991960577,670,228
671141549288370177,1154,662
671138694582165504,917,403
671134062904504320,746,197
671122204919246848,3483,2534
671115716440031232,1364,781
671109016219725825,1136,443
670995969505435648,1102,294
670842764863651840,24529,8754
670840546554966016,588,194
670838202509447168,1102,698
670833812859932673,442,124
670832455012716544,729,219
670826280409919488,5521,4072
670823764196741120,772,192
670822709593571328,610,95
670815497391357952,3164,1541
670811965569282048,1120,274
670807719151067136,1151,497
670804601705242624,1951,967
670803562457407488,341,87
670797304698376195,735,240
670792680469889025,825,281
670789397210615808,656,244
670786190031921152,600,201
670783437142401025,816,395
670782429121134593,1552,776
670780561024270336,782,289
670778058496974848,325,74
670764103623966721,1068,422
670755717859713024,437,111
670733412878163972,958,517
670727704916926465,822,364
670717338665226240,1199,498
670704688707301377,768,373
670691627984359425,590,247
670679630144274432,746,281
670676092097810432,245,43
670668383499735048,10672,5059
670474236058800128,1510,754
670468609693655041,350,86
670465786746662913,974,554
670452855871037440,546,205
670449342516494336,1190,663
670444955656130560,6708,1989
670442337873600512,641,201
670435821946826752,1048,518
670434127938719744,1396,652
670433248821026816,327,114
670428280563085312,1372,626
670427002554466305,521,166
670421925039075328,1300,634
670420569653809152,626,316
670417414769758208,566,318
670411370698022913,2013,901
670408998013820928,553,226
670403879788544000,431,157
670385711116361728,553,208
670374371102445568,746,273
670361874861563904,327,68
670338931251150849,421,112
670319130621435904,3857,1230
670303360680108032,428,136
670290420111441920,702,289
670093938074779648,1019,335
670086499208155136,695,252
670079681849372674,2217,1240
670073503555706880,1574,795
670069087419133954,624,240
670061506722140161,764,344
670055038660800512,669,335
670046952931721218,643,177
670040295598354432,753,113
670037189829525505,585,277
670003130994700288,333,93
669993076832759809,325,86
669972011175813120,446,159
669970042633789440,302,62
669942763794931712,500,165
669926384437997569,371,105
669923323644657664,232,57
669753178989142016,808,404
669749430875258880,265,65
669684865554620416,512,90
669683899023405056,387,112
669682095984410625,347,135
669680153564442624,662,293
669661792646373376,800,440
669625907762618368,3514,1825
669603084620980224,943,366
669597912108789760,513,151
669583744538451968,1487,929
669573570759163904,433,141
669571471778410496,1587,1023
669567591774625800,234,55
669564461267722241,383,124
669393256313184256,366,77
669375718304980992,1325,733
669371483794317312,497,182
669367896104181761,459,157
669363888236994561,615,227
669359674819481600,370,123
669354382627049472,2697,1286
669353438988365824,641,264
669351434509529089,436,187
669328503091937280,1018,420
669327207240699904,574,115
669324657376567296,497,210
669216679721873412,1188,405
669214165781868544,436,166
669203728096960512,1000,482
669037058363662336,650,316
669015743032369152,738,376
669006782128353280,576,251
669000397445533696,20820,6395
668994913074286592,439,232
668992363537309700,742,348
668989615043424256,677,332
668988183816871936,891,475
668986018524233728,551,171
668981893510119424,533,307
668979806671884288,795,354
668975677807423489,1301,583
668967877119254528,146,23
668960084974809088,701,239
668955713004314625,279,72
668932921458302977,262,59
668902994700836864,317,102
668892474547511297,395,152
668872652652679168,522,302
668852170888998912,453,168
668826086256599040,431,139
668815180734689280,573,271
668779399630725120,705,375
668655139528511488,529,220
668645506898350081,884,534
668643542311546881,874,534
668641109086707712,1075,541
668636665813057536,1032,492
668633411083464705,2792,1652
668631377374486528,709,318
668627278264475648,315,115
668625577880875008,384,137
668623201287675904,1419,772
668620235289837568,199,43
668614819948453888,611,316
668587383441514497,1665,1082
668567822092664832,242,55
668544745690562560,512,223
668542336805281792,451,218
668537837512433665,249,76
668528771708952576,456,228
668507509523615744,321,106
668496999348633600,410,132
668484198282485761,421,235
668480044826800133,455,149
668466899341221888,875,521
668297328638447616,614,297
668291999406125056,241,30
668286279830867968,501,137
668274247790391296,816,231
668268907921326080,550,235
668256321989451776,1298,615
668248472370458624,977,489
668237644992782336,6166,2850
668226093875376128,296,103
668221241640230912,509,197
668204964695683073,553,195
668190681446379520,654,197
668171859951755264,485,195
668154635664932864,488,316
668142349051129856,567,283
668113020489474048,661,240
667937095915278337,1251,787
667924896115245057,297,113
667915453470232577,207,55
667911425562669056,488,303
667902449697558528,842,374
667886921285246976,1872,1090
667885044254572545,807,480
667878741721415682,388,118
667873844930215936,621,402
667866724293877760,2987,1026
667861340749471744,237,78
667832474953625600,290,62
667806454573760512,1047,493
667801013445750784,326,97
667793409583771648,693,331
667782464991965184,405,245
667773195014021121,234,57
667766675769573376,438,214
667728196545200128,376,150
667724302356258817,477,316
667550904950915073,0,35
667550882905632768,0,33
667549055577362432,5735,2274
667546741521195010,334,123
667544320556335104,854,524
667538891197542400,202,65
667534815156183040,810,533
667530908589760512,460,236
667524857454854144,1679,1101
667517642048163840,366,191
667509364010450944,6717,2113
667502640335572993,528,217
667495797102141441,511,267
667491009379606528,527,223
667470559035432960,252,97
667455448082227200,188,59
667453023279554560,306,88
667443425659232256,772,571
667437278097252352,444,235
667435689202614272,303,83
667405339315146752,459,220
667393430834667520,190,54
667369227918143488,359,162
667211855547486208,483,241
667200525029539841,604,260
667192066997374976,380,104
667188689915760640,735,411
667182792070062081,14183,6139
667177989038297088,188,55
667176164155375616,605,461
667174963120574464,237,81
667171260800061440,218,87
667165590075940865,2647,1125
667160273090932737,253,61
667152164079423490,47092,16854
667138269671505920,4544,2181
667119796878725120,324,127
667090893657276420,329,125
667073648344346624,395,122
667070482143944705,82,14
667065535570550784,163,46
667062181243039745,214,53
667044094246576128,182,50
667012601033924608,439,220
666996132027977728,240,92
666983947667116034,2512,971
666837028449972224,801,546
666835007768551424,209,79
666826780179869698,248,94
666817836334096384,504,246
666804364988780544,231,91
666786068205871104,742,479
666781792255496192,377,186
666776908487630848,340,171
666739327293083650,229,64
666701168228331520,423,214
666691418707132416,185,46
666649482315059201,1098,607
666644823164719104,227,78
666454714377183233,506,207
666447344410484738,99,19
666437273139982337,119,47
666435652385423360,160,52
666430724426358785,306,192
666428276349472768,159,81
666421158376562688,309,112
666418789513326592,118,44
666411507551481857,426,318
666407126856765440,103,37
666396247373291520,161,81
666373753744588802,179,87
666362758909284353,753,549
666353288456101888,211,71
666345417576210432,282,130
666337882303524864,190,88
666293911632134144,484,339
666287406224695296,141,63
666273097616637952,167,75
666268910803644416,99,34
666104133288665088,13877,6278
666102155909144576,75,11
666099513787052032,147,64
666094000022159362,158,69
666082916733198337,109,43
666073100786774016,311,154
666071193221509120,140,55
666063827256086533,458,208
666058600524156928,108,56
666057090499244032,282,134
666055525042405380,421,230
666051853826850816,1183,819
666050758794694657,129,56
666049248165822465,103,41
666044226329800704,287,135
666033412701032449,120,43
666029285002620928,124,46
666020888022790149,2491,489
